regressor,regressor_mode,center,coef_lower,coef,coef_upper,station
EVENT_RG,additive,0.0,1.285228102739431,1.285228102739431,1.285228102739431,PORTE DE SAINT-CLOUD
EVENT_PDP,additive,0.0,-16.139999431597893,-16.139999431597893,-16.139999431597893,PORTE DE SAINT-CLOUD
EVENT_SDF,additive,0.0,0.0,0.0,0.0,PORTE DE SAINT-CLOUD
EVENT_RG_LOG,additive,0.42200277761665644,-0.11332923350513026,-0.11332923350513026,-0.11332923350513026,PORTE DE SAINT-CLOUD
EVENT_PDP_LOG,additive,0.8039513125634642,1.5204971704169572,1.5204971704169572,1.5204971704169572,PORTE DE SAINT-CLOUD
EVENT_SDF_LOG,additive,0.0,0.0,0.0,0.0,PORTE DE SAINT-CLOUD
