regressor,regressor_mode,center,coef_lower,coef,coef_upper,station
EVENT_RG,additive,0.0,-11.520813496771202,-11.520813496771202,-11.520813496771202,PORTE D'AUTEUIL
EVENT_PDP,additive,0.0,-11.373045991934298,-11.373045991934298,-11.373045991934298,PORTE D'AUTEUIL
EVENT_SDF,additive,0.0,0.0,0.0,0.0,PORTE D'AUTEUIL
EVENT_RG_LOG,additive,0.4214231034715787,1.1690224905226414,1.1690224905226414,1.1690224905226414,PORTE D'AUTEUIL
EVENT_PDP_LOG,additive,0.8028469838374155,1.0823527818273377,1.0823527818273377,1.0823527818273377,PORTE D'AUTEUIL
EVENT_SDF_LOG,additive,0.0,0.0,0.0,0.0,PORTE D'AUTEUIL
